"scientificname","order","class","freq","opsar.region"
"Alepocephalus bairdii","Alepocephaliformes","Teleostei",1,"i"
"Anarhichas denticulatus","Perciformes","Teleostei",24,"i"
"Anoplogaster cornuta","Trachichthyiformes","Teleostei",2,"i"
"Aphanopus carbo","Scombriformes","Teleostei",1,"i"
"Arctozenus risso","Aulopiformes","Teleostei",123,"i"
"Argentina silus","Argentiniformes","Teleostei",10,"i"
"Argyropelecus hemigymnus","Stomiiformes","Teleostei",2,"i"
"Bajacalifornia megalops","Alepocephaliformes","Teleostei",2,"i"
"Barbantus curvifrons","Alepocephaliformes","Teleostei",1,"i"
"Bathylagus euryops","Argentiniformes","Teleostei",40,"i"
"Benthosema glaciale","Myctophiformes","Teleostei",72,"i"
"Borostomias antarcticus","Stomiiformes","Teleostei",21,"i"
"Ceratias holboelli","Lophiiformes","Teleostei",3,"i"
"Chaenophryne longiceps","Lophiiformes","Teleostei",1,"i"
"Chauliodus sloani","Stomiiformes","Teleostei",53,"i"
"Chirostomias pliopterus","Stomiiformes","Teleostei",1,"i"
"Clupea harengus","Clupeiformes","Teleostei",46,"i"
"Coryphaenoides rupestris","Gadiformes","Teleostei",2,"i"
"Cryptopsaras couesii","Lophiiformes","Teleostei",3,"i"
"Cyclopterus lumpus","Perciformes","Teleostei",1,"i"
"Derichthys serpentinus","Anguilliformes","Teleostei",1,"i"
"Einara edentula","Alepocephaliformes","Teleostei",1,"i"
"Gadus morhua","Gadiformes","Teleostei",7,"i"
"Gonatus steenstrupi","Oegopsida","Cephalopoda",7,"i"
"Himantolophus albinares","Lophiiformes","Teleostei",1,"i"
"Holtbyrnia anomala","Alepocephaliformes","Teleostei",21,"i"
"Holtbyrnia macrops","Alepocephaliformes","Teleostei",27,"i"
"Lampadena speculigera","Myctophiformes","Teleostei",23,"i"
"Lampanyctus crocodilus","Myctophiformes","Teleostei",34,"i"
"Lampanyctus intricarius","Myctophiformes","Teleostei",9,"i"
"Lampanyctus macdonaldi","Myctophiformes","Teleostei",53,"i"
"Magnisudis atlantica","Aulopiformes","Teleostei",2,"i"
"Malacosteus niger","Stomiiformes","Teleostei",16,"i"
"Mallotus villosus","Osmeriformes","Teleostei",6,"i"
"Maulisia mauli","Alepocephaliformes","Teleostei",2,"i"
"Maurolicus muelleri","Stomiiformes","Teleostei",5,"i"
"Melamphaes microps","Beryciformes","Teleostei",1,"i"
"Melanocetus johnsonii","Lophiiformes","Teleostei",1,"i"
"Melanolagus bericoides","Argentiniformes","Teleostei",4,"i"
"Melanostomias bartonbeani","Stomiiformes","Teleostei",1,"i"
"Merlangius merlangus","Gadiformes","Teleostei",1,"i"
"Micromesistius poutassou","Gadiformes","Teleostei",132,"i"
"Myctophum punctatum","Myctophiformes","Teleostei",45,"i"
"Nansenia groenlandica","Argentiniformes","Teleostei",9,"i"
"Nemichthys scolopaceus","Anguilliformes","Teleostei",2,"i"
"Normichthys operosus","Alepocephaliformes","Teleostei",22,"i"
"Notoscopelus kroyeri","Myctophiformes","Teleostei",44,"i"
"Oneirodes eschrichtii","Lophiiformes","Teleostei",3,"i"
"Platyberyx opalescens","Scombriformes","Teleostei",9,"i"
"Pollachius virens","Gadiformes","Teleostei",3,"i"
"Polyipnus polli","Stomiiformes","Teleostei",1,"i"
"Poromitra crassiceps","Beryciformes","Teleostei",23,"i"
"Poromitra megalops","Beryciformes","Teleostei",10,"i"
"Protomyctophum arcticum","Myctophiformes","Teleostei",15,"i"
"Reinhardtius hippoglossoides","Pleuronectiformes","Teleostei",5,"i"
"Schedophilus medusophagus","Scombriformes","Teleostei",3,"i"
"Scomber scombrus","Scombriformes","Teleostei",1,"i"
"Scopelogadus beanii","Beryciformes","Teleostei",4,"i"
"Scopelosaurus lepidus","Aulopiformes","Teleostei",1,"i"
"Searsia koefoedi","Alepocephaliformes","Teleostei",4,"i"
"Sebastes mentella","Perciformes","Teleostei",240,"i"
"Sebastes norvegicus","Perciformes","Teleostei",2,"i"
"Serrivomer beanii","Anguilliformes","Teleostei",39,"i"
"Stomias ferox","Stomiiformes","Teleostei",56,"i"
"Thalassobathia pelagica","Ophidiiformes","Teleostei",1,"i"
"Trachipterus arcticus","Lampriformes","Teleostei",15,"i"
"Trigonolampa miriceps","Stomiiformes","Teleostei",1,"i"
"Xenodermichthys copei","Alepocephaliformes","Teleostei",9,"i"
